[{"id":32,"0":32,"id_danh_muc":12,"1":12,"ten_san_pham":"M\u00e1y xay cafe chuy\u00ean d\u1ee5ng","2":"M\u00e1y xay cafe chuy\u00ean d\u1ee5ng","don_gia":3000000,"3":3000000,"giam_gia":0,"4":0,"so_luong_ton_kho":4,"5":4,"mo_ta":"","6":"","hinh_anh":"mayxay3.jpg","7":"mayxay3.jpg","ngay_nhap":"2022-12-01","8":"2022-12-01","stt":0,"9":0,"hot":0,"10":0,"promo":0,"11":0},{"id":31,"0":31,"id_danh_muc":12,"1":12,"ten_san_pham":"M\u00e1y xay h\u1ea1t cafe c\u1ea7m tay","2":"M\u00e1y xay h\u1ea1t cafe c\u1ea7m tay","don_gia":500000,"3":500000,"giam_gia":0,"4":0,"so_luong_ton_kho":6,"5":6,"mo_ta":"M\u00e1y xay c\u00e0 ph\u00ea n\u00e0y c\u00f3 di\u1ec7n m\u1ea1o c\u1ed5 \u0111i\u1ec3n truy\u1ec1n th\u1ed1ng. N\u00f3 \u0111\u01b0\u1ee3c l\u00e0m b\u1eb1ng g\u1ed7 \u0111\u1eb7c, l\u00e0m cho n\u00f3 m\u1ea1nh h\u01a1n v\u00e0 b\u1ec1n h\u01a1n, \u0110\u1ed1i v\u1edbi s\u1eed d\u1ee5ng th\u01b0\u1eddng nh\u1eadt \u1edf nh\u00e0. M\u00e1y xay n\u00e0y kh\u00e1 nh\u1ecf cho h\u1ed9 gia \u0111\u00ecnh t\u1eeb 1-4 ng\u01b0\u1eddi. M\u00e1y xay tay \u0111\u00f2i h\u1ecfi m\u1ed9t ch\u00fat n\u1ed7 l\u1ef1c th\u1ec3 ch\u1ea5t, sau t\u1ea5t c\u1ea3 ch\u00fang l\u00e0 th\u1ee7 c\u00f4ng, Nh\u01b0ng m\u1ed9t khi m\u00e1y xay \u0111\u00e3 \u0111\u01b0\u1ee3c s\u1eed d\u1ee5ng m\u1ed9t v\u00e0i l\u1ea7n, n\u00f3 tr\u1edf n\u00ean d\u1ec5 s\u1eed d\u1ee5ng h\u01a1n.","6":"M\u00e1y xay c\u00e0 ph\u00ea n\u00e0y c\u00f3 di\u1ec7n m\u1ea1o c\u1ed5 \u0111i\u1ec3n truy\u1ec1n th\u1ed1ng. N\u00f3 \u0111\u01b0\u1ee3c l\u00e0m b\u1eb1ng g\u1ed7 \u0111\u1eb7c, l\u00e0m cho n\u00f3 m\u1ea1nh h\u01a1n v\u00e0 b\u1ec1n h\u01a1n, \u0110\u1ed1i v\u1edbi s\u1eed d\u1ee5ng th\u01b0\u1eddng nh\u1eadt \u1edf nh\u00e0. M\u00e1y xay n\u00e0y kh\u00e1 nh\u1ecf cho h\u1ed9 gia \u0111\u00ecnh t\u1eeb 1-4 ng\u01b0\u1eddi. M\u00e1y xay tay \u0111\u00f2i h\u1ecfi m\u1ed9t ch\u00fat n\u1ed7 l\u1ef1c th\u1ec3 ch\u1ea5t, sau t\u1ea5t c\u1ea3 ch\u00fang l\u00e0 th\u1ee7 c\u00f4ng, Nh\u01b0ng m\u1ed9t khi m\u00e1y xay \u0111\u00e3 \u0111\u01b0\u1ee3c s\u1eed d\u1ee5ng m\u1ed9t v\u00e0i l\u1ea7n, n\u00f3 tr\u1edf n\u00ean d\u1ec5 s\u1eed d\u1ee5ng h\u01a1n.","hinh_anh":"mayxay2.jpg","7":"mayxay2.jpg","ngay_nhap":"2022-12-01","8":"2022-12-01","stt":0,"9":0,"hot":0,"10":0,"promo":0,"11":0},{"id":30,"0":30,"id_danh_muc":12,"1":12,"ten_san_pham":"C\u1ed1i xay cafe c\u1ea7m tay","2":"C\u1ed1i xay cafe c\u1ea7m tay","don_gia":1200000,"3":1200000,"giam_gia":0,"4":0,"so_luong_ton_kho":5,"5":5,"mo_ta":"C\u1ed1i xay cafe c\u1ea7m tay g\u1ed3m c\u00f3 c\u1ed1i th\u00e9p, tr\u1ee5c c\u1ed1 \u0111\u1ecbnh, gia c\u00f4ng CNC ch\u00ednh x\u00e1c. \u0110\u01b0\u1ee3c thi\u1ebft k\u1ebf t\u1ed1i gi\u1ea3n v\u1edbi s\u1ef1 n\u00e2ng c\u1ea5p v\u1ec1 ch\u1ea5t li\u1ec7u c\u1ee7a n\u00fam ch\u1ec9nh c\u1ee1 xay t\u1eeb nh\u1ef1a th\u00e0nh ho\u00e0n to\u00e0n b\u1eb1ng kim lo\u1ea1i gi\u00fap tr\u1ea3i nghi\u1ec7m ch\u1ec9nh c\u1ee1 xay \u0111\u01b0\u1ee3c t\u1ed1t h\u01a1n.","6":"C\u1ed1i xay cafe c\u1ea7m tay g\u1ed3m c\u00f3 c\u1ed1i th\u00e9p, tr\u1ee5c c\u1ed1 \u0111\u1ecbnh, gia c\u00f4ng CNC ch\u00ednh x\u00e1c. \u0110\u01b0\u1ee3c thi\u1ebft k\u1ebf t\u1ed1i gi\u1ea3n v\u1edbi s\u1ef1 n\u00e2ng c\u1ea5p v\u1ec1 ch\u1ea5t li\u1ec7u c\u1ee7a n\u00fam ch\u1ec9nh c\u1ee1 xay t\u1eeb nh\u1ef1a th\u00e0nh ho\u00e0n to\u00e0n b\u1eb1ng kim lo\u1ea1i gi\u00fap tr\u1ea3i nghi\u1ec7m ch\u1ec9nh c\u1ee1 xay \u0111\u01b0\u1ee3c t\u1ed1t h\u01a1n.","hinh_anh":"sp6.jpg","7":"sp6.jpg","ngay_nhap":"2022-12-01","8":"2022-12-01","stt":0,"9":0,"hot":0,"10":0,"promo":0,"11":0},{"id":29,"0":29,"id_danh_muc":13,"1":13,"ten_san_pham":"Ly gi\u1ea5y (set 50)","2":"Ly gi\u1ea5y (set 50)","don_gia":27000,"3":27000,"giam_gia":0,"4":0,"so_luong_ton_kho":40,"5":40,"mo_ta":"Ly gi\u1ea5y 350ml k\u00e8m n\u1eafp v\u00e0 bao h\u1ed9p nh\u1eb1m ph\u1ee5c v\u1ee5 nhu c\u1ea7u cafe mang \u0111i.","6":"Ly gi\u1ea5y 350ml k\u00e8m n\u1eafp v\u00e0 bao h\u1ed9p nh\u1eb1m ph\u1ee5c v\u1ee5 nhu c\u1ea7u cafe mang \u0111i.","hinh_anh":"ly2.png","7":"ly2.png","ngay_nhap":"2022-12-01","8":"2022-12-01","stt":0,"9":0,"hot":0,"10":0,"promo":0,"11":0},{"id":28,"0":28,"id_danh_muc":13,"1":13,"ten_san_pham":"Ly gi\u1ea5y (set 50)","2":"Ly gi\u1ea5y (set 50)","don_gia":23000,"3":23000,"giam_gia":0,"4":0,"so_luong_ton_kho":30,"5":30,"mo_ta":"Ly gi\u1ea5y 350ml k\u00e8m n\u1eafp nh\u1eb1m ph\u1ee5c v\u1ee5 nhu c\u1ea7u cafe mang \u0111i.","6":"Ly gi\u1ea5y 350ml k\u00e8m n\u1eafp nh\u1eb1m ph\u1ee5c v\u1ee5 nhu c\u1ea7u cafe mang \u0111i.","hinh_anh":"ly1.jpg","7":"ly1.jpg","ngay_nhap":"2022-12-01","8":"2022-12-01","stt":0,"9":0,"hot":0,"10":0,"promo":0,"11":0},{"id":27,"0":27,"id_danh_muc":13,"1":13,"ten_san_pham":"Set cafe phin nguy\u00ean t\u00e1ch","2":"Set cafe phin nguy\u00ean t\u00e1ch","don_gia":180000,"3":180000,"giam_gia":0,"4":0,"so_luong_ton_kho":7,"5":7,"mo_ta":"Nguy\u00ean set cafe k\u00e8m t\u00e1ch ph\u1ed1i m\u00e0u 100ml \u0111\u01b0\u1ee3c ch\u1ebf t\u00e1c th\u1ee7 c\u00f4ng 100% t\u1eeb g\u1ed1m s\u1ee9 B\u00e1t Tr\u00e0ng.","6":"Nguy\u00ean set cafe k\u00e8m t\u00e1ch ph\u1ed1i m\u00e0u 100ml \u0111\u01b0\u1ee3c ch\u1ebf t\u00e1c th\u1ee7 c\u00f4ng 100% t\u1eeb g\u1ed1m s\u1ee9 B\u00e1t Tr\u00e0ng.","hinh_anh":"tach2.jpg","7":"tach2.jpg","ngay_nhap":"2022-11-30","8":"2022-11-30","stt":0,"9":0,"hot":0,"10":0,"promo":0,"11":0},{"id":26,"0":26,"id_danh_muc":13,"1":13,"ten_san_pham":"T\u00e1ch xanh c\u1ea9m lai","2":"T\u00e1ch xanh c\u1ea9m lai","don_gia":100000,"3":100000,"giam_gia":0,"4":0,"so_luong_ton_kho":8,"5":8,"mo_ta":"T\u00e1ch cafe xanh c\u1ea9m lai 250ml \u0111\u01b0\u1ee3c ch\u1ebf t\u00e1c th\u1ee7 c\u00f4ng 100% t\u1eeb g\u1ed1m s\u1ee9 B\u00e1t Tr\u00e0ng.","6":"T\u00e1ch cafe xanh c\u1ea9m lai 250ml \u0111\u01b0\u1ee3c ch\u1ebf t\u00e1c th\u1ee7 c\u00f4ng 100% t\u1eeb g\u1ed1m s\u1ee9 B\u00e1t Tr\u00e0ng.","hinh_anh":"tach3.jfif","7":"tach3.jfif","ngay_nhap":"2022-11-30","8":"2022-11-30","stt":0,"9":0,"hot":0,"10":0,"promo":0,"11":0},{"id":25,"0":25,"id_danh_muc":13,"1":13,"ten_san_pham":"T\u00e1ch xanh ng\u1ecdc","2":"T\u00e1ch xanh ng\u1ecdc","don_gia":90000,"3":90000,"giam_gia":0,"4":0,"so_luong_ton_kho":12,"5":12,"mo_ta":"T\u00e1ch cafe xanh ng\u1ecdc 150ml \u0111\u01b0\u1ee3c ch\u1ebf t\u00e1c th\u1ee7 c\u00f4ng 100% t\u1eeb g\u1ed1m s\u1ee9 B\u00e1t Tr\u00e0ng.","6":"T\u00e1ch cafe xanh ng\u1ecdc 150ml \u0111\u01b0\u1ee3c ch\u1ebf t\u00e1c th\u1ee7 c\u00f4ng 100% t\u1eeb g\u1ed1m s\u1ee9 B\u00e1t Tr\u00e0ng.","hinh_anh":"tach1.jpg","7":"tach1.jpg","ngay_nhap":"2022-11-30","8":"2022-11-30","stt":0,"9":0,"hot":0,"10":0,"promo":0,"11":0},{"id":24,"0":24,"id_danh_muc":11,"1":11,"ten_san_pham":"C\u00e0 ph\u00ea matcha","2":"C\u00e0 ph\u00ea matcha","don_gia":250000,"3":250000,"giam_gia":0,"4":0,"so_luong_ton_kho":22,"5":22,"mo_ta":"H\u1ea1t c\u00e0 ph\u00ea \u0111\u01b0\u1ee3c tuy\u1ec3n ch\u1ecdn 100% h\u1ea1t Arabica mang l\u1ea1i v\u1ecb chua \u0111\u1eb7c tr\u01b0ng, \u0111\u1eafng d\u1ecbu v\u00e0 h\u1eadu v\u1ecb quy\u1ebfn r\u0169, n\u1ed3ng n\u00e0n c\u00f9ng v\u1edbi h\u01b0\u01a1ng matcha d\u1ecbu nh\u1eb9 t\u1ea1o c\u1ea3m gi\u00e1c kh\u00f3 t\u1ea3. B\u00ean c\u1ea1nh \u0111\u00f3, v\u1edbi thi\u1ebft k\u1ebf t\u00fai zip m\u1eb7t nh\u00f4m c\u00f9ng v\u1edbi n\u00fat tho\u00e1ng kh\u00ed gi\u00fap b\u1ea3o qu\u1ea3n s\u1ea3n ph\u1ea9m, gi\u1eef nguy\u00ean h\u01b0\u01a1ng v\u1ecb c\u00e0 ph\u00ea th\u01a1m ngon, tr\u1ecdn v\u1eb9n.","6":"H\u1ea1t c\u00e0 ph\u00ea \u0111\u01b0\u1ee3c tuy\u1ec3n ch\u1ecdn 100% h\u1ea1t Arabica mang l\u1ea1i v\u1ecb chua \u0111\u1eb7c tr\u01b0ng, \u0111\u1eafng d\u1ecbu v\u00e0 h\u1eadu v\u1ecb quy\u1ebfn r\u0169, n\u1ed3ng n\u00e0n c\u00f9ng v\u1edbi h\u01b0\u01a1ng matcha d\u1ecbu nh\u1eb9 t\u1ea1o c\u1ea3m gi\u00e1c kh\u00f3 t\u1ea3. B\u00ean c\u1ea1nh \u0111\u00f3, v\u1edbi thi\u1ebft k\u1ebf t\u00fai zip m\u1eb7t nh\u00f4m c\u00f9ng v\u1edbi n\u00fat tho\u00e1ng kh\u00ed gi\u00fap b\u1ea3o qu\u1ea3n s\u1ea3n ph\u1ea9m, gi\u1eef nguy\u00ean h\u01b0\u01a1ng v\u1ecb c\u00e0 ph\u00ea th\u01a1m ngon, tr\u1ecdn v\u1eb9n.","hinh_anh":"sp3.jpg","7":"sp3.jpg","ngay_nhap":"2022-11-29","8":"2022-11-29","stt":0,"9":0,"hot":0,"10":0,"promo":0,"11":0},{"id":23,"0":23,"id_danh_muc":11,"1":11,"ten_san_pham":"C\u00e0 ph\u00ea chocolate","2":"C\u00e0 ph\u00ea chocolate","don_gia":250000,"3":250000,"giam_gia":0,"4":0,"so_luong_ton_kho":18,"5":18,"mo_ta":"H\u1ea1t c\u00e0 ph\u00ea \u0111\u01b0\u1ee3c tuy\u1ec3n ch\u1ecdn 100% h\u1ea1t Arabica mang l\u1ea1i v\u1ecb chua \u0111\u1eb7c tr\u01b0ng, \u0111\u1eafng d\u1ecbu v\u00e0 h\u1eadu v\u1ecb quy\u1ebfn r\u0169, n\u1ed3ng n\u00e0n c\u00f9ng v\u1edbi h\u01b0\u01a1ng chocolate t\u1ea1o c\u1ea3m gi\u00e1c ng\u1ecdt ng\u00e0o, \u0111\u1eadm v\u1ecb. B\u00ean c\u1ea1nh \u0111\u00f3, v\u1edbi thi\u1ebft k\u1ebf t\u00fai zip m\u1eb7t nh\u00f4m c\u00f9ng v\u1edbi n\u00fat tho\u00e1ng kh\u00ed gi\u00fap b\u1ea3o qu\u1ea3n s\u1ea3n ph\u1ea9m, gi\u1eef nguy\u00ean h\u01b0\u01a1ng v\u1ecb c\u00e0 ph\u00ea th\u01a1m ngon, tr\u1ecdn v\u1eb9n.","6":"H\u1ea1t c\u00e0 ph\u00ea \u0111\u01b0\u1ee3c tuy\u1ec3n ch\u1ecdn 100% h\u1ea1t Arabica mang l\u1ea1i v\u1ecb chua \u0111\u1eb7c tr\u01b0ng, \u0111\u1eafng d\u1ecbu v\u00e0 h\u1eadu v\u1ecb quy\u1ebfn r\u0169, n\u1ed3ng n\u00e0n c\u00f9ng v\u1edbi h\u01b0\u01a1ng chocolate t\u1ea1o c\u1ea3m gi\u00e1c ng\u1ecdt ng\u00e0o, \u0111\u1eadm v\u1ecb. B\u00ean c\u1ea1nh \u0111\u00f3, v\u1edbi thi\u1ebft k\u1ebf t\u00fai zip m\u1eb7t nh\u00f4m c\u00f9ng v\u1edbi n\u00fat tho\u00e1ng kh\u00ed gi\u00fap b\u1ea3o qu\u1ea3n s\u1ea3n ph\u1ea9m, gi\u1eef nguy\u00ean h\u01b0\u01a1ng v\u1ecb c\u00e0 ph\u00ea th\u01a1m ngon, tr\u1ecdn v\u1eb9n.","hinh_anh":"sp2.png","7":"sp2.png","ngay_nhap":"2022-11-28","8":"2022-11-28","stt":0,"9":0,"hot":0,"10":0,"promo":0,"11":0},{"id":22,"0":22,"id_danh_muc":11,"1":11,"ten_san_pham":"C\u00e0 ph\u00ea b\u1ea1c h\u00e0","2":"C\u00e0 ph\u00ea b\u1ea1c h\u00e0","don_gia":250000,"3":250000,"giam_gia":0,"4":0,"so_luong_ton_kho":15,"5":15,"mo_ta":"","6":"","hinh_anh":"sp1.jpg","7":"sp1.jpg","ngay_nhap":"2022-11-28","8":"2022-11-28","stt":0,"9":0,"hot":0,"10":0,"promo":0,"11":0}]